{
    "RS_WAIT": 1,
    "CRASH_THR": 5,
    "DIST_THR": 0.2,
    "VEL_THR": 0.05,
    "NUM_VEL_CHOICES": 2,
    "VLOW": 3.0,
    "VHIGH": 5.0,
    "NUM_TURN_ANG": 10,
    "ANGL": -30.0,
    "ANGR": 30.0,
    "RW_MULT": 50.0,
    "NUM_RUNS_TOT": 20,
    "SAVE_RUNS": 50,
    "MODEL_DIR": "models/",
    "LASER_TOPIC": "/scan",
    "ODOM_TOPIC": "/odom",
    "INFO_TOPIC": "/race_info",
    "CONTROL_TOPIC": "/drive",
    "RESET_TOPIC": "/sim_reset",
    "MARKER_TOPIC": "/waypoints",
    "ST_DISPLAY_TOPIC": "/st_distribution",
    "DEF_ENTROPY": 100.0,
    "waypoints": [[265, 532], [299, 531], [323, 520], [341, 505], [358, 492], [373, 472], [385, 454], [396, 427], [400, 396], [392, 362], [384, 329], [376, 294], [369, 262], [367, 238], [367, 210], [368, 169], [373, 141], [372, 114], [373, 89], [364, 71], [344, 62], [321, 64], [299, 78], [281, 97], [274, 124], [266, 149], [262, 180], [265, 204], [258, 237], [245, 272], [222, 295], [201, 336], [200, 366], [211, 389], [220, 411], [211, 433], [185, 438], [158, 437], [131, 445], [129, 473], [150, 492], [173, 505], [194, 515]],
    "map_resolution": 0.05,
    "map_orig": [-11.606540, -26.520793],
    "waypoint_dist": 2.0
}
