{
    "RS_WAIT": 1,
    "CRASH_THR": 5,
    "DIST_THR": 0.2,
    "VEL_THR": 0.05,
    "NUM_VEL_CHOICES": 1,
    "VLOW": 4.0,
    "VHIGH": 4.0,
    "NUM_TURN_ANG": 10,
    "ANGL": -30.0,
    "ANGR": 30.0,
    "RW_MLT": 100.0,
    "NUM_RUNS_TOT": 20,
    "SAVE_RUNS": 20,
    "MODEL_DIR": "models/",
    "LASER_TOPIC": "/scan",
    "ODOM_TOPIC": "/odom",
    "INFO_TOPIC": "/race_info",
    "CONTROL_TOPIC": "/drive",
    "RESET_TOPIC": "/sim_reset",
    "waypoints": [[232, 530], [260, 533], [285, 533], [303, 530], [319, 526], [341, 517], [354, 506], [383, 479], [398, 437], [400, 401], [398, 377], [395, 349], [388, 330], [388, 306], [379, 283], [371, 255], [363, 231], [361, 212], [360, 189], [361, 159], [364, 131], [370, 96], [363, 70], [341, 56], [307, 61], [288, 82], [275, 116], [264, 154], [257, 199], [259, 225], [246, 252], [241, 279], [230, 313], [219, 339], [215, 360], [211, 394], [225, 425], [210, 452], [183, 437], [154, 428], [122, 436], [112, 468], [126, 488], [149, 503], [184, 517], [207, 528]],
    "map_resolution": 0.05,
    "map_orig": [-11.606540, -26.520793],
    "waypoint_dist": 2.0
}
