{
    "RS_WAIT": 1,
    "CRASH_THR": 5,
    "DIST_THR": 0.2,
    "VEL_THR": 0.05,
    "NUM_VEL_CHOICES": 2,
    "VLOW": 4.0,
    "VHIGH": 6.0,
    "NUM_TURN_ANG": 10,
    "ANGL": -30.0,
    "ANGR": 30.0,
    "RW_MLT": 100.0,
    "NUM_RUNS_TOT": 20,
    "SAVE_RUNS": 1,
    "MODEL_DIR": "models/",
    "LASER_TOPIC": "/scan",
    "ODOM_TOPIC": "/odom",
    "INFO_TOPIC": "/race_info",
    "CONTROL_TOPIC": "/drive",
    "RESET_TOPIC": "/sim_reset",
    "MARKER_TOPIC": "/waypoints",
    "ST_DISPLAY_TOPIC": "/st_distribution",
    "waypoints": [[304, 538], [338, 537], [362, 531], [385, 520], [411, 506], [430, 490], [447, 476], [465, 455], [484, 435], [496, 414], [507, 392], [515, 366], [521, 339], [521, 314], [520, 290], [521, 267], [516, 244], [505, 215], [494, 194], [482, 170], [465, 149], [444, 124], [423, 104], [396, 94], [368, 81], [337, 76], [302, 76], [263, 76], [226, 88], [196, 101], [177, 112], [150, 134], [129, 156], [110, 180], [86, 212], [80, 240], [76, 267], [73, 298], [79, 335], [86, 370], [100, 402], [117, 431], [134, 458], [157, 481], [180, 503], [206, 519], [239, 530]],
    "map_resolution": 0.05,
    "map_orig": [-15.206540, -27.020793],
    "waypoint_dist": 2.0
}
