{
    "RS_WAIT": 1,
    "CRASH_THR": 5,
    "DIST_THR": 0.2,
    "VEL_THR": 0.05,
    "NUM_VEL_CHOICES": 10,
    "VLOW": 2.0,
    "VHIGH": 3.0,
    "NUM_TURN_ANG": 10,
    "ANGL": -30.0,
    "ANGR": 30.0,
    "RW_MLT": 100.0,
    "NUM_RUNS_TOT": 20,
    "SAVE_RUNS": 20,
    "MODEL_DIR": "models/",
    "LASER_TOPIC": "/scan",
    "ODOM_TOPIC": "/odom",
    "INFO_TOPIC": "/race_info",
    "CONTROL_TOPIC": "/drive",
    "RESET_TOPIC": "/sim_reset",
    "waypoints": [[232, 530], [310, 520], [359, 490], [390, 453], [409, 384], [389, 337], [374, 282], [362, 235], [364, 183], [364, 133], [353, 61], [293, 86], [278, 159], [259, 231], [226, 297], [205, 348], [228, 418], [178, 438], [128, 449], [157, 492], [192, 518]],
    "map_resolution": 0.05,
    "map_orig": [-11.606540, -26.520793],
    "waypoint_dist": 2.0
}
